paperId,title,firstAuthor,nAuthors,year,venue,citationCount,doi,arxiv,pdfUrl,publicationDate
84b28077c88e7d938f4b56f8344b81ee2847fe26,A Heterogeneous and Programmable Compute-In-Memory Accelerator Architecture for Analog-AI Using Dense 2-D Mesh,Shubham Jain,15,2023,IEEE Transactions on Very Large Scale Integration (VLSI) Systems,64,10.1109/TVLSI.2022.3221390,,,2023-01-01
d715701f1017e99c3e45dd6f85b3835470841a9e,TSAGen: Synthetic Time Series Generation for KPI Anomaly Detection,Chengyu Wang,5,2021,IEEE Transactions on Network and Service Management,38,10.1109/tnsm.2021.3098784,,,2021-07-21
31dbee036447b5b6cd51e6df3aad132356200b39,A data governance framework for high-impact programs: Reducing redundancy and enhancing data quality at scale,Adebusayo Hassanat Adepoju,4,2023,International Journal of Multidisciplinary Research and Growth Evaluation,19,10.54660/.ijmrge.2023.4.6.1141-1154,,,
0b984aceb4db4f916410c8f848b0aabebb80005c,IntelligentMonitor: Empowering DevOps Environments with Advanced Monitoring and Observability,Pratik Thantharate,1,2023,2023 International Conference on Information Technology (ICIT),17,10.1109/ICIT58056.2023.10226123,,,2023-08-09
24b51e6dbe6de00c4a1f3bfa499e8bba1fdd66ae,Active-MTSAD: Multivariate Time Series Anomaly Detection With Active Learning,Wenlu Wang,4,2022,Dependable Systems and Networks,16,10.1109/dsn53405.2022.00036,,,2022-06-01
e9ede327015e855c6eb53b6a293a78779fba0320,Pre-trained KPI Anomaly Detection Model Through Disentangled Transformer,Zhaoyang Yu,12,2024,Knowledge Discovery and Data Mining,14,10.1145/3637528.3671522,,https://dl.acm.org/doi/pdf/10.1145/3637528.3671522,2024-08-24
ef849da9d7a3ce51e2c7ad2617757460cf885ce2,"Data Observability for High-Throughput Payments Pipelines: SLA Design, Anomaly Budgets, and Sequential Probability Ratio Tests for Early Incident Detection",Jennifer Amebleh,2,2022,International Journal of Scientific Research in Science Engineering and Technology,13,10.32628/ijsrset221658,,,2022-07-14
9e5ceba33f3a9824eda89c19da7cd9cfa20f17a1,Empowering Users: The Role Of AI In Enhancing Self-Service BI For Data-Driven Decision Making,Shakir Syed,2,2021,Educational Administration: Theory and Practice,11,10.53555/kuey.v27i4.8105,,,
9bc2ce60aa2e0c5c759fd7c8efc03af2a79f7928,Auto-Prep: Holistic Prediction of Data Preparation Steps for Self-Service Business Intelligence,Eugenie Y. Lai,3,2025,Proceedings of the VLDB Endowment,10,10.14778/3734839.3734856,2504.11627,,2025-03-01
6fc3e71aa0c32b67e5b4fafa6404b473d8bcdeaa,Beyond Sharing: Conflict-Aware Multivariate Time Series Anomaly Detection,Haotian Si,10,2023,ESEC/SIGSOFT FSE,10,10.1145/3611643.3613896,2308.08915,https://dl.acm.org/doi/pdf/10.1145/3611643.3613896,2023-08-17
4006601f244bcd6c8381c05ef427511c7e07a957,Cellular KPI Anomaly Detection with GAN and Time Series Decomposition,Jiajia Huang,3,2022,ICC 2022 - IEEE International Conference on Communications,9,10.1109/ICC45855.2022.9838810,,,2022-05-16
d8e1eb4deadb1b0f84d9b558b9fdb42fc145db3c,Causal Effect of the Tokyo 2020 Olympic and Paralympic Games on the Number of COVID-19 Cases under COVID-19 Pandemic: An Ecological Study Using the Synthetic Control Method,N. Yamamoto,4,2022,Journal of Personalized Medicine,8,10.3390/jpm12020209,,https://www.mdpi.com/2075-4426/12/2/209/pdf?version=1644467166,2022-02-01
006eff00d9f2dfe219d7cf69fb69fd2df413c8fd,Estimating causal effects of BRI infrastructure projects based on the synthetic control method,Yuan Li,3,2020,Asia Europe Journal,8,10.1007/s10308-021-00621-7,,https://link.springer.com/content/pdf/10.1007/s10308-021-00621-7.pdf,2020-09-01
dcbd221e3b15835da2cca4be1e35bf85b4b41a7d,Little Help Makes a Big Difference: Leveraging Active Learning to Improve Unsupervised Time Series Anomaly Detection,Hamza Bodor,3,2022,ICSOC Workshops,8,10.1007/978-3-031-14135-5_13,2201.10323,http://arxiv.org/pdf/2201.10323,2022-01-25
9bbfc5fa7a8d364d940ee4b98de111b1dbffa3eb,MTAD: Tools and Benchmarks for Multivariate Time Series Anomaly Detection,Jinyang Liu,6,2024,arXiv.org,7,10.48550/arXiv.2401.06175,2401.06175,,2024-01-10
92a3fa6a599a74513b0892179229e5809116f17f,Towards a Distributed Data Mesh Model for the IoT-Edge-Cloud Continuum in Smart Cities,E. Rossini,6,2024,IFIP International Information Security Conference,6,10.1109/SEC62691.2024.00041,,,2024-12-04
019e08104893e4de446687696e12b6928005bdf1,A Distributed Data Mesh Paradigm for an Event-based Smart Communities Monitoring Product,W. Pongpech,1,2023,ANT/EDI40,6,10.1016/j.procs.2023.03.074,,https://doi.org/10.1016/j.procs.2023.03.074,2023-04-17
575b21a75ab4c72a1e035d0f78b5d6a6b9f0e454,Economic Effect and Disparity of Airport Economic Zones Utilizing the Synthetic Control Method,Yiying Chao,4,2024,Transportation Research Record,5,10.1177/03611981231217287,,,2024-01-09
3481059c5b34942d463ef687eb560ea3338e90ad,Implementing a Blockchain-Powered Metadata Catalog in Data Mesh Architecture,Anton Dolhopolov,3,2023,International Congress on Blockchain and Applications,5,10.1007/978-3-031-45155-3_35,,,
acf8f7c2905814b7a4409c39c6fbc17b48a43f07,Hybrid Machine Learning for Anomaly Detection in Industrial Time-Series Measurement Data,Anika Terbuch,3,2022,International Instrumentation and Measurement Technology Conference,5,10.1109/I2MTC48687.2022.9806663,,,2022-05-16
29e05cbf92f86f598abc425e20daa91f55c75714,Time Series Anomaly Detection Model Based on Multi-Features,Hengyao Tang,3,2022,Computational Intelligence and Neuroscience,5,10.1155/2022/2371549,,https://downloads.hindawi.com/journals/cin/2022/2371549.pdf,2022-08-08
129d30998050d9e53c6f37eeb4306efd66a38571,Combining process tracing and synthetic control method: Bridging two ways of making causal inference in evaluation research,F. Podestà,1,2022,Evaluation,4,10.1177/13563890221139511,,,2022-12-05
9de088559f9f03608b07057f5f32b53d7288caf2,Beginning Microsoft Power BI: A Practical Guide to Self-Service Data Analytics,Dan Clark,1,2020,,4,10.1007/978-1-4842-5620-6,,https://link.springer.com/content/pdf/bfm:978-1-4842-5620-6/1,2020-02-21
01629346a69430c8f7e86886480e7c810ad5e2dc,An Anomaly Detection Approach by AIML in IP Networks with eBPF-Based Observability,Minato Sakuraba,4,2023,Asia-Pacific Network Operations and Management Symposium,4,,,,2023-09-06
95c93b7bd6deba7dba35d29852c9168abb2e798f,AI-POWERED DATA MANAGEMENT AND GOVERNANCE IN RETAIL,Anant Agarwal,1,2025,International Journal of Data Mining &amp; Knowledge Management Process,4,10.5121/ijdkp.2025.15207,,,2025-03-28
bcf0161fe661bb01bc808b55989b563da9eff15e,A Comprehensive Review of AI and ML in Data Governance and Data Quality,Prateik Mahendra,4,2025,International Conference Intelligent Data Communication Technologies and Internet Things,4,10.1109/ICICI65870.2025.11069464,,,2025-06-04
0b6f7bbc3be28e90c1f6b5a29df829d7ddb17116,Data Overlay Mesh in Distributed Clouds Allowing Collaborative Applications,Miloš Simić,4,2025,IEEE Access,4,10.1109/ACCESS.2024.3525336,,,
ed3a5e0ee9d4606ba1a8bf96ef213865c87abc15,Adopting Data Mesh principles to Boost Data Sharing for Clinical Trials,Matteo Falconi,2,2023,International Conference on Digital Health,4,10.1109/ICDH60066.2023.00051,,,2023-07-01
3c104bb6652ec11f57d787f8808d4fb4b9b2d947,Supply Chain Anomaly Detection and Prediction Models Based on Large-Scale Time Series Data,Ruohan Wang,2,2025,Proceedings of the 2025 International Conference on Digital Economy and Information Systems,3,10.1145/3745133.3745136,,,2025-04-25
8791eed05858075ffdd7edf8cc3ddaa4b98a99df,Counterfactual and Synthetic Control Method: Causal Inference with Instrumented Principal Component Analysis,Cong Wang,1,2024,,2,,2408.09271,,2024-08-17
f6bf24a4bdd27287abaa82c3a3a7efdb42e3dece,An application of the augmented synthetic control method within a target trial framework: the case of the soda tax policy in California,Fan Zhao,5,2025,BMC Public Health,2,10.1186/s12889-025-22526-5,,https://doi.org/10.1186/s12889-025-22526-5,2025-04-11
e557ea5aa425bb2a79b3294af24b765944fe5f3d,The relationship between minimum wage and employment. A synthetic control method approach,Juan J. Arnadillo,3,2024,Economic and Labour Relations Review,2,10.1017/elr.2024.44,,https://www.cambridge.org/core/services/aop-cambridge-core/content/view/D534D96EEDD5361B556B133571DAADBA/S1035304624000449a.pdf/div-class-title-the-relationship-between-minimum-wage-and-employment-a-synthetic-control-method-approach-div.pdf,2024-10-29
954d8ec9e2d3c9f3b0921a325e9bb16506d64665,On the sparsity of synthetic control method,Qiang Chen,2,2024,Journal of Applied Economics,2,10.1080/15140326.2024.2361184,,https://www.tandfonline.com/doi/pdf/10.1080/15140326.2024.2361184?needAccess=true,2024-06-03
24061376d461af8c9922071d81d0625a5bc1fa16,Estimating the Causal Effect of A Digitally Native Retailer Opening a New Store: A New Two-Step Synthetic Control Method,Kathleen T. Li,2,2020,,2,10.2139/ssrn.3628589,,,2020-05-23
23cccb701e5346bb987a5d11648e9833eda9f333,Evaluating Self-Service BI and Analytics Tools for SMEs,Antonio Oliveira,2,2020,International Conference on E-Business and Telecommunication Networks,2,10.5220/0009820400890097,,https://doi.org/10.5220/0009820400890097,
82c3750e81003e50b870188e6e3ece2e27b99ca7,Pro Power BI Desktop: Self-Service Analytics and Data Visualization for the Power User,A. Aspin,1,2020,,2,10.1007/978-1-4842-5763-0,,https://link.springer.com/content/pdf/bfm:978-1-4842-5763-0/1?pdf=chapter%20toc,2020-06-11
ef3104e0ceed1f8725fa108b60fe86f9a4db8fb4,Blockchain-enabled data lineage verification for multi-source business intelligence systems,Linda Aluso,3,2023,International Journal of Management &amp; Entrepreneurship Research,2,10.51594/ijmer.v5i12.2218,,,2023-12-31
f74bfd3c324c006ab30d086fd1167c3273a6dc1b,Unified Data Governance Framework for AI-Enabled Data Warehouses in Banking,Ashish Dibouliya,1,2025,European Modern Studies Journal,2,10.59573/emsj.9(4).2025.7,,,2025-08-07
26b1bcf5fbe58165d9242b61280fbc4f30d57f9c,Applying Value-Based Deep Reinforcement Learning on KPI Time Series Anomaly Detection,Yu Zhang,2,2022,IEEE International Conference on Cloud Computing,2,10.1109/CLOUD55607.2022.00039,,,2022-07-01
01e0a463213ea40a02321d7ca062f9d6df72a573,Quantile control method: Causal inference with one treated unit via random forest,Guanpeng Yan,3,2025,The Stata Journal,1,10.1177/1536867X251341181,,,2025-06-01
c835754e958d51892f3004fb755801f223c03a13,The impact of Sanming’s healthcare reform on medical resource misallocation: based on synthetic control method,Lin Guo,9,2025,Frontiers in Public Health,1,10.3389/fpubh.2025.1671174,,,2025-10-21
9e9cbf33fe773e251112f5bc27cb96b11c614825,Using the Synthetic Control Method to Evaluate the Impact of a Land-Based Gambling Ban on Crime,Jakub Žofčák,2,2024,Journal of Gambling Studies,1,10.1007/s10899-024-10281-y,,https://link.springer.com/content/pdf/10.1007/s10899-024-10281-y.pdf,2024-03-01
682d676e5b5c490fc859846aa36bea9edb459426,The Long‐Term Economic Impact of Abenomics: Evidence from the Synthetic Control Method,Josh Matti,1,2024,Economic Papers: A journal of applied economics and policy,1,10.1111/1759-3441.12408,,,2024-01-17
64fc3d9fa372e7b42b1ecfdd44fa57804b955ba1,"A Comparative Study of Difference-in-Differences (DID), Synthetic
 Control Method (SCM), Synthetic Difference-in-Differences (SDID): Effects of
 Early-Morning Delivery",J. Suh,4,2024,Journal of Channel and Retailing,1,10.17657/jcr.2024.10.31.6,,https://doi.org/10.17657/jcr.2024.10.31.6,2024-10-01
1456ac6afa1f3c8f58bcd9df92c9e438c899eaec,Self-Service Business Intelligence: Meeting User Needs in a Data-Rich World,Mahganj Durra,2,2023,"Automation, Control, and Information Technology",1,10.1109/ACIT58888.2023.10453724,,,2023-12-06
cdbb38d1f275848a617fa30cca6fb71d844c947c,AI-Powered Data Observability & Governance Agent for Cloud Analytics: Transforming Enterprise Data Management,Deepika Annam,1,2025,Journal of Computer Science and Technology Studies,1,10.32996/jcsts.2025.7.3.88,,,2025-05-08
20ae99a2c76017b3594574036eec12fb769dac42,Causality-informed Anomaly Detection in Partially Observable Sensor Networks: Moving beyond Correlations,Xiaofeng Xiao,3,2025,arXiv.org,1,10.48550/arXiv.2507.09742,2507.09742,,2025-07-13
e259222bfcb0a09e46959a8e8bd1da4fc899e82a,Advances in End-to-End Pipeline Observability for Data Quality Assurance in Complex Analytics Systems,Tahir Tayor Bukhari,4,2024,International Journal of Advanced Multidisciplinary Research and Studies,1,10.62225/2583049x.2024.4.4.4949,,,2024-08-30
1d765f63627d70dc0b277e84e932d0e72fbd4f20,Early Anomaly Detection and Location in Distribution Network: A Data-Driven Approach,Xin Shi,6,2018,,1,,,,2018-01-05
6a77a10a3f5b3b70dcd5238303967de2903af1b5,Collecting and visualizing data lineage of Spark jobs,Alexander Schoenenwald,4,2021,Datenbank-Spektrum,1,10.1007/s13222-021-00387-7,,https://link.springer.com/content/pdf/10.1007/s13222-021-00387-7.pdf,2021-10-04
6589c98cec8ae42a395f429eed9ba8ac164754ba,Automating End-to-End Lineage Tracking for Multi-Cloud Data Architectures,Sevinthi Kali,6,2025,Journal of Information Systems Engineering & Management,1,10.52783/jisem.v10i4s.466,,,2025-01-17
11a84d6babae498c6cb90c08cac72bdca879937b,Enterprise Data Mesh Architectures for Scalable and Distributed Analytics,D. Sundar,1,2024,American International Journal of Computer Science and Technology,1,10.63282/3117-5481/aijcst-v6i3p103,,,
6e5e550be1a707fb2d7e9788fa3c7d854c85a97c,Data Mesh Meets Blockchain,Abdulaziz Almaslukh,7,2024,International Journal of Computational Intelligence Systems,1,10.1007/s44196-024-00404-z,,https://link.springer.com/content/pdf/10.1007/s44196-024-00404-z.pdf,2024-02-07
e7637974b238f6edd732879b9bf3f5c1db881a73,A New Architecture for Decentralized Cybersecurity Mesh (DCSM) Using Blockchain Technology for Distributed Networks,Khalid Al–Hussaini,2,2024,2024 1st International Conference on Emerging Technologies for Dependable Internet of Things (ICETI),1,10.1109/ICETI63946.2024.10777231,,,2024-11-25
7677f089af162183b4549a30bd63ba1da192a6fa,Large Pretrained Foundation Model for Key Performance Indicator Multivariate Time Series Anomaly Detection,Xu Wang,7,2025,IEEE Open Journal of the Computer Society,1,10.1109/OJCS.2024.3521217,,,
40002f84755b9c04c3636b20edce2b8a912c6f44,Cluster-LLM: Adaptive Real-Time Time-Series Anomaly Detection Using LLMs,Bin Zhu,9,2025,2025 IEEE International Annual Conference on Complex Systems and Intelligent Science (CSIS-IAC),1,10.1109/CSIS-IAC65538.2025.11161558,,,2025-05-16
d4ae9a8864a8ed8d00c2e5bb1cb56faee26f8438,Multi variable time-series anomaly detection for intelligent operation and maintenance,Haolin Liu,1,2025,2025 5th International Symposium on Computer Technology and Information Science (ISCTIS),1,10.1109/ISCTIS65944.2025.11065047,,,2025-05-16
7cd4decde5d98826570fa2048f467162e61480b4,Sensitivity of Causal Effect Estimates: A Case Study of Innovative City Project Using the Difference-in-Differences and Synthetic Control Method,Minjun Hong,3,2026,Korean Policy Studies Review,0,10.33900/kaps.2026.35.1.3,,,2026-03-31
a3496f2112feb6a0e80d3b59e416221649ace127,Synthetic control method for evaluating mental public health policies: the case of Yellow September campaign in Brazil.,Lucas Silva,5,2025,Trends in Psychiatry and Psychotherapy,0,10.47626/2237-6089-2024-1031,,https://doi.org/10.47626/2237-6089-2024-1031,2025-05-07
bf409788569b8c60952d8feec6f467e740486c42,COVID-19-related hospitalizations in Italy: an application of the synthetic control method to investigate the trajectory of diagnosis-related group 79 and its counterfactual during 2010–2021,Carlo Lazzaro,3,2025,Expert review of pharmacoeconomics & outcomes research,0,10.1080/14737167.2025.2482661,,,2025-03-21
97dd590ba185d2fdfaeaf3d301dffbbc527578b8,Policy or Circumstances? A Synthetic Control Method for Evaluating Brazil’s Economic Boom Under Lula,Jaeho Jung,2,2025,Economies,0,10.3390/economies13070197,,,2025-07-08
cfb5ae5bfa46787fd55e9dce51c91da8c59e9e61,The Inclusive Synthetic Control Method,R. D. Stefano,2,2024,Social Science Research Network,0,10.2139/ssrn.3737491,2403.17624,https://www.sdu.dk/-/media/files/om_sdu/institutter/ivoe/disc_papers/disc_2020/dpbe14_2020.pdf,2024-03-26
98fa729f9d5d35e1ba9ec5dd48069e0dc6cbe70b,Dynamic Disposal Effect of Free Trade Zone Establishment on Regional Innovation Capability Based on Synthetic Control Method,Derek Doi,1,2026,International Journal of Management and Economics Invention,0,10.47191/ijmei/v12i2.10,,,2026-02-10
5c15d96b5de886103d73222f5cfcbfc94805597d,Emerging Trends in Self-Service BI Platforms: Democratizing Data Insights,Mallikarjun Bussa,1,2025,International Journal of Scientific Research in Computer Science Engineering and Information Technology,0,10.32628/cseit25112400,,,2025-03-09
de9e90902aef7b70ec4b3b22006f3bd2c883ab5a,Strategic Data Democratization: Enabling Business Users through Self-Service BI Platforms,Laxmi Vanam,1,2025,Journal of emerging technologies and innovative research,0,10.56975/jetir.v12i7.565708,,,
3eba1414368e2f23cf284e49b05a1b942ea07e4b,From Legacy to Leadership: A Case Study in Self-Service BI Transformation,J. J. Kadakia,3,2025,Journal of Computer Science and Technology Studies,0,10.32996/jcsts.2025.7.9.16,,,2025-08-29
4debfb2de904ea4ebafde7584ef3fe44661c25e9,Data Democratization: Empowering Non-Technical Users with Self-Service BI Tools and Techniques to Access and Analyze Data Without Heavy Reliance on IT Teams,Alekhya Achanta,1,2023,International Journal of Computer Trends and Technology,0,10.14445/22312803/ijctt-v71i8p106,,,2023-08-30
d5adeafdc63d6dbad66d331f4b61bbda2859c951,Auto-BI Frameworks Powered by Generative Artificial Intelligence for Scalable Self-Service Data Analytics in Large Organizations,A. Suresh,1,2024,"International Journal of Artificial Intelligence, Data Science, and Machine Learning",0,10.63282/3050-9262.ijaidsml-v5i3p119,,,
e6b737ad9b98e618e2894cfab3339d4a86fced19,Data Democratization Through Auto-BI: Using Generative AI For Self-Service Analytics,A. Suresh,1,2026,International Journal For Multidisciplinary Research,0,10.36948/ijfmr.2026.v08i01.67384,,,2026-01-30
55bb61b3fe9d62e023b4f8b6efc348e7c723c1d5,Data Democratization for Enhanced Business Performance: Enabling Self-Service Analytics for Empowering Remote Workforce Management,Arijit Sengupta,4,2025,International Conference on Recent Advances in Information Technology,0,10.1109/RAIT65068.2025.11089408,,,2025-03-06
25aeea6b551ad692eda81c8d5879fc34ae3edbdf,"How Modern BI Stacks Power Smarter, Faster Decision-Making in Public Health Care- Blueprint of a Modern BI Architecture: Designing for Scale, Speed, and Self-Service",M. Pothuri,1,2025,International Journal For Multidisciplinary Research,0,10.36948/ijfmr.2025.v07i05.57947,,,2025-09-26
da442b32774408550f0e6d82be3b81531b81c034,BI Analytics: A Domain-Aware Business Intelligence Platform for Self-Service Data Visualization,Anandhan N.,2,2026,International Journal of Innovative Science and Research Technology,0,10.38124/ijisrt/26mar1278,,,2026-03-28
6a05816f13f4a6d129e19c7b756b419e1a530f22,Data Preparation for Self-Service BI of Human Resources Analysis in Banking Industry,Navaphat Bhichesthapong,4,2018,2018 International Conference on Embedded Systems and Intelligent Technology & International Conference on Information and Communication Technology for Embedded Systems (ICESIT-ICICTES),0,10.1109/ICESIT-ICICTES.2018.8442065,,,2018-05-01
a932dcee88d8ba1222da1a8fa0153d6d7706d568,Digitalizing SMT OEE through Big Data Optimization and Self-service Analysis,Edwin Hsu,5,2025,Impact,0,10.1109/IMPACT67645.2025.11281700,,,2025-10-21
01ee8312a2c8b58629f5a0f7f771def7074c2305,OSSPal Assessment of Self-Service BI and Analytics Software OSSPal Assessment of Self-Service BI and Analytics Software,Antonio Oliveira,2,2020,,0,,,,
a102fd962f8dfa581d187d444ed52fe2ccbc97a5,How Self-Service Business Intelligence Education Can Develop Data Literacy and AI Literacy: Lesson Learned from Practitioners,Christian Lennerholt,3,2026,Hawaii International Conference on System Sciences,0,,,,
dd94e5dc885d364e5d279fb77f553600451c2463,Identifying and Handling Implementation Challenges of Self-Service Business Intelligence,Sameer Yousef Qudaisat,2,2024,Journal of Ecohumanism,0,10.62754/joe.v3i7.4548,,https://ecohumanism.co.uk/joe/ecohumanism/article/download/4548/4061,2024-10-30
1ad256d6025af01bc4e04984dce5d22311b69a23,AI-driven cloud monitoring: innovations in anomaly detection,Praveen Kumar,2,2025,World Journal of Advanced Research and Reviews,0,10.30574/wjarr.2025.26.1.1432,,,2025-04-30
e6887c566f0de3a630cd5a9954fc082b29cbd348,Network Monitoring & Observability in Data Center Networks: Comparing the TIG and ELK Stacks,Spas Georgiev,4,2025,Telecom,0,10.1109/TELECOM66943.2025.11304067,,,2025-11-20
e6c9674c9591e7b299bd40cb7d5ed002eede88ec,Breaking the Observability Tax: Dynamic Resolution Anomaly Detection via Topology-Aware Active LLM Agents,Rahul Kapoor,2,2026,IEEE Access,0,10.1109/ACCESS.2026.3675074,,,
8bbdf909fa60e02789e5e7a1331653266f5b4286,Real Time API Anomaly Detection and Predictive Alerts,Prof. R. S. Mulla,4,2025,INTERNATIONAL JOURNAL OF SCIENTIFIC RESEARCH IN ENGINEERING AND MANAGEMENT,0,10.55041/ijsrem53894,,,2025-11-13
9cdb0526bc03573b8d39efbf52cec197c75250da,An Automated AI-Driven Monitoring and Observability Framework for Cloud-Based Data Pipelines by Software Defect Prediction Research,Vineeth Kumar Reddy Mittamidi,1,2024,International Journal of Multidisciplinary Evolutionary Research,0,10.54660/ijmer.2024.5.1.109-112,,,
4b9718f0423aacd6150f618bc4d486fb1a0f6d52,Next-generation observability platforms: redefining debugging and monitoring at scale,S. Malhotra,1,2025,International Journal of Science and Research Archive,0,10.30574/ijsra.2025.14.2.0428,,,2025-02-28
18cbdd1403a417445f53f179638ba53b7cbaa828,"Deploying AI-Augmented Infrastructure Observability Pipelines for Predictive Fault Detection Using Logs, Metrics, and Traces",Ehimah Obuse,6,2025,Engineering and Technology Journal,0,10.47191/etj/v10i08.46,,,2025-08-30
1b3f72f589609f4dd0506a919dca2931136985ce,Enhancing data platform observability with AI-driven metadata analytics,Thomas Aerathu Mathew,1,2025,World Journal of Advanced Engineering Technology and Sciences,0,10.30574/wjaets.2025.15.2.0536,,,2025-05-30
0ece5011cb544fc9129cf8233a0d1aced49af1d8,From Monitoring to Observability: A Paradigm Shift in IT Operations,A. Harikrishnan,1,2024,International Journal For Multidisciplinary Research,0,10.36948/ijfmr.2024.v06i05.28797,,https://www.ijfmr.com/papers/2024/5/28797.pdf,2024-10-27
3c28b54a9eb9f85f599177f4d434549367767aac,CPU-Only Spatiotemporal Anomaly Detection in Microservice Systems via Dynamic Graph Neural Networks and LSTM,Jiaqi Zhang,2,2026,Symmetry,0,10.3390/sym18010087,,,2026-01-03
2e2cabe1a28ab899649fae5cda0cb73db7b92234,Selective Modality Weighting for Robust Anomaly Identification in Noisy Observability Environments,Haolin Zheng,3,2026,American journal of electrical engineering and technology,0,10.71465/ajeet3566,,,2026-01-31
bc0ee22251053b11e44d726898bc1c4d234d9b06,The Crucial Role of Observability in Enhancing Cloud Infrastructure Security in Financial Technology: a Framework for Proactive Threat Detection and Compliance,Ankur Mahida,1,2026,"2026 International Conference on Communication, Computing and Emerging Technologies (IC3ET)",0,10.1109/IC3ET64989.2026.11467295,,,2026-02-09
d537a950809b35015d8e70ddc32b0170278d419c,Data Observability Platforms: A Comprehensive Framework for Ensuring Data Pipeline Reliability and Quality,Dinesh Thangaraju,1,2021,International Journal of Multidisciplinary Research and Growth Evaluation,0,10.54660/.ijmrge.2021.2.6.450-454,,,
eb9d2c2883915687885f6f2ab018bf242f9593aa,"Metadata Automation in Cloud Data Lakes: Discovery, Lineage, and Governance",,0,2025,Journal of Computational Analysis And Applications,0,10.48047/jocaaa.2025.34.10.17,,,2025-10-25
7a16e5ca3d34bc18735906d55b8f7275f1c8fa15,Metadata Lineage Frameworks for Data Governance,Sarvesh kumar Gupta,1,2025,International journal of creative research thoughts,0,10.56975/ijcrt.v13i9.293801,,,
9b809760ce751755e264fae6d0562f9448b2a9f2,Data Lineage and Metadata in Payment Ecosystems: Auditability and Regulatory Readiness across the Life Cycle,Ravi Kumar Vallemoni,1,2023,Frontiers in Computer Science and Artificial Intelligence,0,10.32996/fcsai.2023.2.1.5,,,2023-01-28
9d059c56e5bd7f2d75311bbe36f253a95bbd845c,A Multi-dimensional Data Lineage Construction Method Based on BERT Semantic Fusion and Structural Characterization,Meng Lu,8,2025,2025 IEEE Cyber Science and Technology Congress (CyberSciTech),0,10.1109/CyberSciTech68397.2025.00015,,,2025-10-21
9da516087922e0bbc29617f7b8c86d3d85452ee5,A Table-level Data Lineage Acquisition Method Based on Syntax Tree Parsing and SQL Similarity,Yan Li,7,2025,2025 IEEE Cyber Science and Technology Congress (CyberSciTech),0,10.1109/CyberSciTech68397.2025.00045,,,2025-10-21
38c74e43ed623a982a54a8db451dc06313fa81e6,Enhancing Regulatory Audit Readiness through Automated Data Lineage and Impact Analysis Using Azure Purview and SAP HANA,Sayed Rafi Basheer,1,2025,Journal of Mathematical &amp; Computer Applications,0,10.47363/jmca/2025(4)219,,,2025-08-31
27f2f35d24cd89efd695ae27c1e99553a1d02193,"Data Lineage and Metadata Management in Enterprise Data Lakes: Tools, Frameworks, and Compliance Implications",Pavan Kumar Mantha,1,2020,International journal of innovative research and creative technology,0,10.62970/ijirct.v9.i4.2512020,,,2020-07-08
798e66a16dcc4637edbb38a1d8e425abe6dfd8d3,"Financial Operation Platforms: Automated Reconciliation, Data Lineage, and Control Frameworks for High-Scale Payment Enterprises",Satheesh Kumar,2,2026,Journal of Information Systems Engineering & Management,0,10.52783/jisem.v11i2s.14606,,,2026-03-25
810cb4140a64a586615bf07172639d2ebdd79779,Data Lake Governance – Establishing a Single Source of Truth in Healthcare Enterprises,Selvakumar Kalyanasundaram,1,2025,International Journal of Emerging Trends in Computer Science and Information Technology,0,10.63282/3050-9246.ijetcsit-v6i4p120,,,
072bccbed56106e3cbac6109ed1cef5da76944f0,Design and Implementation of an Integrated Big Data Governance and Development Platform Based on DataOps Methodology,Haixu Miao,5,2025,2025 5th International Conference on Communication Technology and Information Technology (ICCTIT),0,10.1109/ICCTIT68197.2025.11406351,,,2025-12-26
29ebdc863d3beec2440948f66ba08ed87c16f432,AI-Driven Data Automated Auditing and Governance Frameworks for Enterprise Data Engineering,Gayatri Tavva,1,2025,International Journal of Computational and Experimental Science and Engineering,0,10.22399/ijcesen.3758,,,2025-03-30
d6434834435d37a94bdd89456a3ff0216c312747,DataOps-Oriented Big Data Governance for Automated Decision Pipelines,Shuchona Malek Orthi,7,2025,2025 1st International Conference on Advancement in Futuristic Technologies (ICAFT),0,10.1109/ICAFT66710.2025.11452860,,,2025-12-19
00f1cb2ea24270928ef491715344c3a2d7624347,The Forgotten Middle Layer: Metadata-Driven Governance For Semi-Structured Big Data,Uday Kumar Reddy Gangula,1,2020,Journal of Advances in Developmental Research,0,10.71097/ijaidr.v11.i1.1541,,,2020-04-08
240956b3db301ac5b3ddf93391f33618e2874aaa,On the Creation of the Architecture «Data Mesh» Based on the ESIMO,E. Viazilov,1,2025,International Journal of Computational and Applied Mathematics &amp; Computer Science,0,10.37394/232028.2025.5.11,,,2025-12-31
9b2e1be05fe6fb23d4398eeaf694c79221e4886f,A Narrative Review of Data Mesh Architecture Principles and Implementation Outcomes,Kai Liang Lew,5,2025,International Journal on Robotics Automation and Sciences,0,10.33093/ijoras.2025.7.3.15,,,2025-11-30
fc57c2132c755870eee51dc67602a31bc16addef,Data Mesh Architecture for Decentralized Fraud Detection in Large Enterprises,Ravi Kiran Alluri,1,2024,International Journal of Leading Research Publication,0,10.70528/ijlrp.v5.i3.1694,,,2024-03-05
bc3c0f2a92bd884449a276faf7a4df2752a08d37,"LLM-Driven Predictive Data Mesh Architecture for Unified Workforce and CRM Intelligence across SAP Success Factors, Oracle HCM, and Salesforce Platforms",Aarav Kulshreshtha,5,2024,International Journal of Scientific Research in Science Engineering and Technology,0,10.32628/ijsrset24581514,,,2024-11-07
9e7f8896c96e6b09ab9ccd170c87585ee1dbf8d2,Privacy-Preserving Emergency Data Mesh: A Homomorphic Encryption Approach to Multi-Agency Disaster Response Coordination,Somesh Nagalla,1,2025,Journal of Computer Science and Technology Studies,0,10.32996/jcsts.2025.7.5.87,,,2025-06-05
6bd77aac2f20129ffaf700ac61eb25a91465ba36,Development Of A Self-Serve Data Mesh Infrastructure,G. Aydın,4,2025,International Service Availability Symposium,0,10.1109/ISAS66241.2025.11101756,,,2025-06-27
db29541829dd7801c31fbf5d993a7319d397ea0d,Distributed Blockchain Wireless Sensor Network Architecture for Malicious Node and Sensor Data Detection,A. Achmad,1,2025,International Journal of Electrical and Electronic Engineering &amp; Telecommunications,0,10.18178/ijeetc.14.4.219-232,,,
98c02601d39eb53911433b8f1bb1515dc908217f,Hierarchical Mesh Networking for Distributed Resource Management in Novel Power Systems,Zilin You,5,2025,World Symposium Communication Engineering,0,10.1109/WSCE68305.2025.11300673,,,2025-11-07
8363672deed1ed19476f58b4b05369aa0165593a,Comparative Analysis of Data Governance Models in Centralized versus Mesh Architecture,Obunda Wosa,5,2026,International Journal of Computer Science and Engineering,0,10.26438/ijcse.v14i3.7265,,,2026-03-31
e3afaaf9ca9914db566f3d4aefd96cb0973e27dc,Implementing Service Mesh Architecture for Scalable Applications,Mantu Singh,1,2025,The American Journal of Engineering and Technology,0,10.37547/tajet/volume07issue04-21,,https://doi.org/10.37547/tajet/volume07issue04-21,2025-04-01
ee9bd3eb161a3a6c22bbf6d502313634c2f41b97,Adaptive Federated Data Science & MLOps Architecture: A Comprehensive Framework for Distributed Machine Learning Systems,Sandeep Kamadi,1,2022,International Journal of Scientific Research in Computer Science Engineering and Information Technology,0,10.32628/cseit22555,,,2022-11-23
ca3f4afe29481e3803abe94762083159d6483813,PRAD: Unsupervised KPI Anomaly Detection by Joint Prediction and Reconstruction of Multivariate Time Series,Zhi-rong Xiong,6,2022,"2022 IEEE Smartworld, Ubiquitous Intelligence & Computing, Scalable Computing & Communications, Digital Twin, Privacy Computing, Metaverse, Autonomous & Trusted Vehicles (SmartWorld/UIC/ScalCom/DigitalTwin/PriComp/Meta)",0,10.1109/SmartWorld-UIC-ATC-ScalCom-DigitalTwin-PriComp-Metaverse56740.2022.00075,,,2022-12-01
52efeaf98534a58194cf482aab71784a7aaf4649,A Framework for AI-Based Large-Scale Time-Series Anomaly Detection in 5G Core Networks,Yeon-Jea Cho,5,2025,Information and Communication Technology Convergence,0,10.1109/ictc66702.2025.11388910,,,2025-10-14
53e73d5b486807da235616d78971a70a26168d3b,KPI Anomaly Detection Method for Multi-Scale Feature Fusion in Time-Frequency Domain,Jiangtao Yang,4,2025,2025 4th International Symposium on Computer Applications and Information Technology (ISCAIT),0,10.1109/ISCAIT64916.2025.11010336,,,2025-03-21
bfb2e97a45e674e087aa3efb2e248de022223ade,Joint Subsequence Anomaly Detection and Fault Classification for Multivariate Time Series,Rui Li,4,2024,"International Conference on Communication, Computing & Security",0,10.1109/ICCCS61882.2024.10603208,,,2024-04-19
a7c96d67dfa0ebc44f406505efbcd974a27c90b1,Time Series Anomaly Detection Based on Data Stream Clustering,XU Feng,5,2023,2023 5th International Conference on Data-driven Optimization of Complex Systems (DOCS),0,10.1109/DOCS60977.2023.10294549,,,2023-09-22
71ef0b4ff5c8cc1eab39e2b56f26ed174fe774f9,Real-Time Explainable Anomaly Detection for Remote Experimentation at 6G Testbeds,Panagiotis Marantis,3,2025,Conference on Network Function Virtualization and Software Defined Network,0,10.1109/NFV-SDN66355.2025.11349561,,,2025-11-10
